size;num_candidates;num_voters;model_id;params;color;alpha;family_id;marker;show;path;label
15;10;100;sushi;{};Limegreen;1;sushi;o;t;{};Sushi
15;10;100;irish;{};crimson;1;irish;o;t;{};Irish
15;10;100;glasgow;{};maroon;1;glasgow;o;t;{};Glasgow
15;10;100;skate;{};navy;1;skate;o;t;{};Skate
15;10;100;tshirt;{};Olive;1;tshirt;o;t;{};Tshirt
15;10;100;cities_survey;{};darkgreen;1;cities_survey;o;t;{};Cities_survey
15;10;100;aspen;{};darkorange;1;aspen;o;t;{};Aspen
15;10;100;ers;{};salmon;1;ers;o;t;{};ERS
15;10;100;cycling_tdf;{};mediumslateblue;1;cycling_tdf;o;t;{};Cycling_TDF
15;10;100;cycling_gdi;{};lightsteelblue;1;cycling_gdi;o;t;{};Cycling_GDI
15;10;100;ice_races;{};dodgerblue;1;speed_skating;o;t;{};Speed_Skating
1;10;100;identity;{};blue;1;ID;o;t;{};ID
1;10;100;uniformity;{};black;1;UN;o;t;{};UN
1;10;100;antagonism;{};red;1;AN;o;t;{};AN
1;10;100;stratification;{};green;1;ST;o;t;{};ST
1;10;100;walsh_matrix;{};olivedrab;1;WAL;o;t;{};WAL
1;10;100;conitzer_matrix;{};limegreen;1;CON;o;t;{};CON
1;10;100;gs_caterpillar_matrix;{};green;1;CAT;o;t;{};CAT
20;10;100;anid;{};grey;1;ANID;.;t;{};ANID
13;10;100;stid;{};grey;1;STID;.;t;{};STID
13;10;100;anun;{};grey;1;ANUN;.;t;{};ANUN
20;10;100;stun;{};grey;1;STUN;.;t;{};STUN
20;10;100;mallows_matrix_path;{'weight': 0.0};blue;1;A;v;t;{};A
20;10;100;mallows_matrix_path;{'weight': 0.25};cyan;1;B;v;t;{};B
20;10;100;mallows_matrix_path;{'weight': 0.5};red;1;C;v;t;{};C
10;10;100;walsh_path;{};brown;1;D;x;t;{};D
10;10;100;conitzer_path;{};green;1;E;x;t;{};E
1;10;100;anid;{'alpha':0.5};black;1;MID;.;t;{};MID

