size;num_candidates;num_voters;election_model;params;color;alpha;label;marker;show
1;5;100;identity;{};blue;1;ID;o;t
1;5;100;uniformity;{};black;1;UN;o;t
1;5;100;antagonism;{};red;1;AN;o;t
1;5;100;stratification;{};green;1;ST;o;t
1;5;100;walsh_matrix;{};olivedrab;1;WAL;o;t
1;5;100;conitzer_matrix;{};limegreen;1;CON;o;t
1;5;100;gs_caterpillar_matrix;{};green;1;CAT;o;t
20;5;100;anid;{};grey;1;ANID;.;t
13;5;100;stid;{};grey;1;STID;.;t
13;5;100;anun;{};grey;1;ANUN;.;t
20;5;100;stun;{};grey;1;STUN;.;t
20;5;100;mallows_matrix_path;{'weight': 0.0};blue;1;A;v;t
20;5;100;mallows_matrix_path;{'weight': 0.25};cyan;1;B;v;t
20;5;100;mallows_matrix_path;{'weight': 0.5};red;1;C;v;t
10;5;100;walsh_path;{};brown;1;D;x;t
10;5;100;conitzer_path;{};green;1;E;x;t
1;5;100;anid;{'alpha':0.5};black;1;MID;.;t